"Data Source","World Development Indicators",

"Last Updated Date","2025-03-24",

"Country Name","Country Code","Indicator Name","Indicator Code","1960","1961","1962","1963","1964","1965","1966","1967","1968","1969","1970","1971","1972","1973","1974","1975","1976","1977","1978","1979","1980","1981","1982","1983","1984","1985","1986","1987","1988","1989","1990","1991","1992","1993","1994","1995","1996","1997","1998","1999","2000","2001","2002","2003","2004","2005","2006","2007","2008","2009","2010","2011","2012","2013","2014","2015","2016","2017","2018","2019","2020","2021","2022","2023",
"Aruba","ABW","CPIA public sector management and institutions cluster average (1=low to 6=high)","IQ.CPA.PUBS.XQ","","","","","","","","","","","","","","","","","","","","","","","","","","","","","","","","","","","","","","","","","","","","","","","","","","","","","","","","","","","","","","","","",
"Africa Eastern and Southern","AFE","CPIA public sector management and institutions cluster average (1=low to 6=high)","IQ.CPA.PUBS.XQ","","","","","","","","","","","","","","","","","","","","","","","","","","","","","","","","","","","","","","","","","","","","","","2.97222222222222","2.96111111111111","2.96111111111111","2.94444444444444","2.95","2.93333333333333","2.91666666666667","2.86842105263158","2.84736842105263","2.92777777777778","2.91111111111111","2.91666666666667","2.83684210526316","2.87777777777778","2.78947368421053","2.76842105263158","2.73684210526316","2.72105263157895","2.67894736842105",
"Afghanistan","AFG","CPIA public sector management and institutions cluster average (1=low to 6=high)","IQ.CPA.PUBS.XQ","","","","","","","","","","","","","","","","","","","","","","","","","","","","","","","","","","","","","","","","","","","","","","","2.3","2.2","2.2","2.4","2.4","2.5","2.5","2.5","2.5","2.5","2.6","2.6","2.6","2.6","2.6","","1.7","1.6",
"Africa Western and Central","AFW","CPIA public sector management and institutions cluster average (1=low to 6=high)","IQ.CPA.PUBS.XQ","","","","","","","","","","","","","","","","","","","","","","","","","","","","","","","","","","","","","","","","","","","","","","2.98947368421053","2.97894736842105","2.97894736842105","2.95263157894737","2.975","2.995","3.04","2.99","3","2.99","3.01","3.015","3.015","3.015","3.05","3.05","3.065","3.055","3.075",
"Angola","AGO","CPIA public sector management and institutions cluster average (1=low to 6=high)","IQ.CPA.PUBS.XQ","","","","","","","","","","","","","","","","","","","","","","","","","","","","","","","","","","","","","","","","","","","","","","2.4","2.4","2.4","2.4","2.4","2.4","2.3","2.3","2.3","","","","","","","","","","",
"Albania","ALB","CPIA public sector management and institutions cluster average (1=low to 6=high)","IQ.CPA.PUBS.XQ","","","","","","","","","","","","","","","","","","","","","","","","","","","","","","","","","","","","","","","","","","","","","","3.3","3.3","","","","","","","","","","","","","","","","","",
"Andorra","AND","CPIA public sector management and institutions cluster average (1=low to 6=high)","IQ.CPA.PUBS.XQ","","","","","","","","","","","","","","","","","","","","","","","","","","","","","","","","","","","","","","","","","","","","","","","","","","","","","","","","","","","","","","","","",
"Arab World","ARB","CPIA public sector management and institutions cluster average (1=low to 6=high)","IQ.CPA.PUBS.XQ","","","","","","","","","","","","","","","","","","","","","","","","","","","","","","","","","","","","","","","","","","","","","","2.66","2.62","2.64","2.66","2.68","2.66","2.66","2.64","2.64","2.64","2.62","2.62","2.4","2.54","2.45","2.43333333333333","2.35","2.3","2.3",
"United Arab Emirates","ARE","CPIA public sector management and institutions cluster average (1=low to 6=high)","IQ.CPA.PUBS.XQ","","","","","","","","","","","","","","","","","","","","","","","","","","","","","","","","","","","","","","","","","","","","","","","","","","","","","","","","","","","","","","","","",
"Argentina","ARG","CPIA public sector management and institutions cluster average (1=low to 6=high)","IQ.CPA.PUBS.XQ","","","","","","","","","","","","","","","","","","","","","","","","","","","","","","","","","","","","","","","","","","","","","","","","","","","","","","","","","","","","","","","","",
"Armenia","ARM","CPIA public sector management and institutions cluster average (1=low to 6=high)","IQ.CPA.PUBS.XQ","","","","","","","","","","","","","","","","","","","","","","","","","","","","","","","","","","","","","","","","","","","","","","3.8","3.7","3.7","3.7","3.7","3.7","3.6","3.7","3.7","","","","","","","","","","",
"American Samoa","ASM","CPIA public sector management and institutions cluster average (1=low to 6=high)","IQ.CPA.PUBS.XQ","","","","","","","","","","","","","","","","","","","","","","","","","","","","","","","","","","","","","","","","","","","","","","","","","","","","","","","","","","","","","","","","",
"Antigua and Barbuda","ATG","CPIA public sector management and institutions cluster average (1=low to 6=high)","IQ.CPA.PUBS.XQ","","","","","","","","","","","","","","","","","","","","","","","","","","","","","","","","","","","","","","","","","","","","","","","","","","","","","","","","","","","","","","","","",
"Australia","AUS","CPIA public sector management and institutions cluster average (1=low to 6=high)","IQ.CPA.PUBS.XQ","","","","","","","","","","","","","","","","","","","","","","","","","","","","","","","","","","","","","","","","","","","","","","","","","","","","","","","","","","","","","","","","",
"Austria","AUT","CPIA public sector management and institutions cluster average (1=low to 6=high)","IQ.CPA.PUBS.XQ","","","","","","","","","","","","","","","","","","","","","","","","","","","","","","","","","","","","","","","","","","","","","","","","","","","","","","","","","","","","","","","","",
"Azerbaijan","AZE","CPIA public sector management and institutions cluster average (1=low to 6=high)","IQ.CPA.PUBS.XQ","","","","","","","","","","","","","","","","","","","","","","","","","","","","","","","","","","","","","","","","","","","","","","3.2","3.2","3.2","3.2","3.2","3.1","","","","","","","","","","","","","",
"Burundi","BDI","CPIA public sector management and institutions cluster average (1=low to 6=high)","IQ.CPA.PUBS.XQ","","","","","","","","","","","","","","","","","","","","","","","","","","","","","","","","","","","","","","","","","","","","","","2.7","2.7","2.6","2.6","2.6","2.6","2.7","2.7","2.7","2.8","2.5","2.4","2.3","2.3","2.3","2.3","2.3","2.5","2.4",
"Belgium","BEL","CPIA public sector management and institutions cluster average (1=low to 6=high)","IQ.CPA.PUBS.XQ","","","","","","","","","","","","","","","","","","","","","","","","","","","","","","","","","","","","","","","","","","","","","","","","","","","","","","","","","","","","","","","","",
"Benin","BEN","CPIA public sector management and institutions cluster average (1=low to 6=high)","IQ.CPA.PUBS.XQ","","","","","","","","","","","","","","","","","","","","","","","","","","","","","","","","","","","","","","","","","","","","","","3.4","3.3","3.3","3.3","3.3","3.3","3.3","3.3","3.3","3.3","3.3","3.3","3.3","3.3","3.4","3.4","3.5","3.6","3.7",
"Burkina Faso","BFA","CPIA public sector management and institutions cluster average (1=low to 6=high)","IQ.CPA.PUBS.XQ","","","","","","","","","","","","","","","","","","","","","","","","","","","","","","","","","","","","","","","","","","","","","","3.6","3.5","3.5","3.5","3.7","3.7","3.7","3.7","3.7","3.5","3.5","3.5","3.4","3.4","3.2","3.4","3.4","3.2","3.2",
"Bangladesh","BGD","CPIA public sector management and institutions cluster average (1=low to 6=high)","IQ.CPA.PUBS.XQ","","","","","","","","","","","","","","","","","","","","","","","","","","","","","","","","","","","","","","","","","","","","","","2.9","2.8","3","3","3","3","2.9","2.9","2.9","2.9","2.9","2.8","2.7","2.7","2.6","2.5","2.5","2.5","2.7",
"Bulgaria","BGR","CPIA public sector management and institutions cluster average (1=low to 6=high)","IQ.CPA.PUBS.XQ","","","","","","","","","","","","","","","","","","","","","","","","","","","","","","","","","","","","","","","","","","","","","","","","","","","","","","","","","","","","","","","","",
"Bahrain","BHR","CPIA public sector management and institutions cluster average (1=low to 6=high)","IQ.CPA.PUBS.XQ","","","","","","","","","","","","","","","","","","","","","","","","","","","","","","","","","","","","","","","","","","","","","","","","","","","","","","","","","","","","","","","","",
"Bahamas, The","BHS","CPIA public sector management and institutions cluster average (1=low to 6=high)","IQ.CPA.PUBS.XQ","","","","","","","","","","","","","","","","","","","","","","","","","","","","","","","","","","","","","","","","","","","","","","","","","","","","","","","","","","","","","","","","",
"Bosnia and Herzegovina","BIH","CPIA public sector management and institutions cluster average (1=low to 6=high)","IQ.CPA.PUBS.XQ","","","","","","","","","","","","","","","","","","","","","","","","","","","","","","","","","","","","","","","","","","","","","","3.3","3.4","3.3","3.3","3.3","3.3","3.3","3.3","3.3","","","","","","","","","","",
"Belarus","BLR","CPIA public sector management and institutions cluster average (1=low to 6=high)","IQ.CPA.PUBS.XQ","","","","","","","","","","","","","","","","","","","","","","","","","","","","","","","","","","","","","","","","","","","","","","","","","","","","","","","","","","","","","","","","",
"Belize","BLZ","CPIA public sector management and institutions cluster average (1=low to 6=high)","IQ.CPA.PUBS.XQ","","","","","","","","","","","","","","","","","","","","","","","","","","","","","","","","","","","","","","","","","","","","","","","","","","","","","","","","","","","","","","","","",
"Bermuda","BMU","CPIA public sector management and institutions cluster average (1=low to 6=high)","IQ.CPA.PUBS.XQ","","","","","","","","","","","","","","","","","","","","","","","","","","","","","","","","","","","","","","","","","","","","","","","","","","","","","","","","","","","","","","","","",
"Bolivia","BOL","CPIA public sector management and institutions cluster average (1=low to 6=high)","IQ.CPA.PUBS.XQ","","","","","","","","","","","","","","","","","","","","","","","","","","","","","","","","","","","","","","","","","","","","","","3.3","3.3","3.3","3.3","3.3","3.3","3.2","3.2","3.2","3.2","3.1","","","","","","","","",
"Brazil","BRA","CPIA public sector management and institutions cluster average (1=low to 6=high)","IQ.CPA.PUBS.XQ","","","","","","","","","","","","","","","","","","","","","","","","","","","","","","","","","","","","","","","","","","","","","","","","","","","","","","","","","","","","","","","","",
"Barbados","BRB","CPIA public sector management and institutions cluster average (1=low to 6=high)","IQ.CPA.PUBS.XQ","","","","","","","","","","","","","","","","","","","","","","","","","","","","","","","","","","","","","","","","","","","","","","","","","","","","","","","","","","","","","","","","",
"Brunei Darussalam","BRN","CPIA public sector management and institutions cluster average (1=low to 6=high)","IQ.CPA.PUBS.XQ","","","","","","","","","","","","","","","","","","","","","","","","","","","","","","","","","","","","","","","","","","","","","","","","","","","","","","","","","","","","","","","","",
"Bhutan","BTN","CPIA public sector management and institutions cluster average (1=low to 6=high)","IQ.CPA.PUBS.XQ","","","","","","","","","","","","","","","","","","","","","","","","","","","","","","","","","","","","","","","","","","","","","","3.8","3.8","3.8","3.8","3.9","3.9","3.9","3.9","3.9","3.9","3.8","3.9","3.9","4.1","4","4","4","4","4",
"Botswana","BWA","CPIA public sector management and institutions cluster average (1=low to 6=high)","IQ.CPA.PUBS.XQ","","","","","","","","","","","","","","","","","","","","","","","","","","","","","","","","","","","","","","","","","","","","","","","","","","","","","","","","","","","","","","","","",
"Central African Republic","CAF","CPIA public sector management and institutions cluster average (1=low to 6=high)","IQ.CPA.PUBS.XQ","","","","","","","","","","","","","","","","","","","","","","","","","","","","","","","","","","","","","","","","","","","","","","2.2","2.2","2.3","2.3","2.4","2.5","2.6","2.4","2.2","2.2","2.2","2.2","2.3","2.4","2.4","2.4","2.4","2.4","2.4",
"Canada","CAN","CPIA public sector management and institutions cluster average (1=low to 6=high)","IQ.CPA.PUBS.XQ","","","","","","","","","","","","","","","","","","","","","","","","","","","","","","","","","","","","","","","","","","","","","","","","","","","","","","","","","","","","","","","","",
"Central Europe and the Baltics","CEB","CPIA public sector management and institutions cluster average (1=low to 6=high)","IQ.CPA.PUBS.XQ","","","","","","","","","","","","","","","","","","","","","","","","","","","","","","","","","","","","","","","","","","","","","","","","","","","","","","","","","","","","","","","","",
"Switzerland","CHE","CPIA public sector management and institutions cluster average (1=low to 6=high)","IQ.CPA.PUBS.XQ","","","","","","","","","","","","","","","","","","","","","","","","","","","","","","","","","","","","","","","","","","","","","","","","","","","","","","","","","","","","","","","","",
"Channel Islands","CHI","CPIA public sector management and institutions cluster average (1=low to 6=high)","IQ.CPA.PUBS.XQ","","","","","","","","","","","","","","","","","","","","","","","","","","","","","","","","","","","","","","","","","","","","","","","","","","","","","","","","","","","","","","","","",
"Chile","CHL","CPIA public sector management and institutions cluster average (1=low to 6=high)","IQ.CPA.PUBS.XQ","","","","","","","","","","","","","","","","","","","","","","","","","","","","","","","","","","","","","","","","","","","","","","","","","","","","","","","","","","","","","","","","",
"China","CHN","CPIA public sector management and institutions cluster average (1=low to 6=high)","IQ.CPA.PUBS.XQ","","","","","","","","","","","","","","","","","","","","","","","","","","","","","","","","","","","","","","","","","","","","","","","","","","","","","","","","","","","","","","","","",
"Cote d'Ivoire","CIV","CPIA public sector management and institutions cluster average (1=low to 6=high)","IQ.CPA.PUBS.XQ","","","","","","","","","","","","","","","","","","","","","","","","","","","","","","","","","","","","","","","","","","","","","","2.5","2.5","2.4","2.5","2.6","2.4","2.7","2.8","3","3.1","3.1","3.2","3.2","3.3","3.5","3.5","3.5","3.6","3.7",
"Cameroon","CMR","CPIA public sector management and institutions cluster average (1=low to 6=high)","IQ.CPA.PUBS.XQ","","","","","","","","","","","","","","","","","","","","","","","","","","","","","","","","","","","","","","","","","","","","","","3.1","3","3","2.9","2.9","2.9","2.9","2.9","2.9","2.9","2.9","3","3","3","3","3.1","3","3","3",
"Congo, Dem. Rep.","COD","CPIA public sector management and institutions cluster average (1=low to 6=high)","IQ.CPA.PUBS.XQ","","","","","","","","","","","","","","","","","","","","","","","","","","","","","","","","","","","","","","","","","","","","","","2.3","2.3","2.3","2.2","2.2","2.2","2.2","2.2","2.4","2.5","2.5","2.5","2.5","2.5","2.5","2.5","2.5","2.5","2.6",
"Congo, Rep.","COG","CPIA public sector management and institutions cluster average (1=low to 6=high)","IQ.CPA.PUBS.XQ","","","","","","","","","","","","","","","","","","","","","","","","","","","","","","","","","","","","","","","","","","","","","","2.6","2.7","2.6","2.6","2.6","2.6","2.6","2.5","2.5","2.5","2.5","2.5","2.5","2.5","2.7","2.5","2.5","2.7","2.8",
"Colombia","COL","CPIA public sector management and institutions cluster average (1=low to 6=high)","IQ.CPA.PUBS.XQ","","","","","","","","","","","","","","","","","","","","","","","","","","","","","","","","","","","","","","","","","","","","","","","","","","","","","","","","","","","","","","","","",
"Comoros","COM","CPIA public sector management and institutions cluster average (1=low to 6=high)","IQ.CPA.PUBS.XQ","","","","","","","","","","","","","","","","","","","","","","","","","","","","","","","","","","","","","","","","","","","","","","2.3","2.2","2.2","2.2","2.4","2.4","2.4","2.5","2.4","2.4","2.6","2.7","2.6","2.6","2.5","2.4","2.2","2.1","2.1",
"Cabo Verde","CPV","CPIA public sector management and institutions cluster average (1=low to 6=high)","IQ.CPA.PUBS.XQ","","","","","","","","","","","","","","","","","","","","","","","","","","","","","","","","","","","","","","","","","","","","","","3.9","3.9","4","4","4","4","4","4","4.1","4","4","3.8","3.9","4","4","4.1","4.1","4","4",
"Costa Rica","CRI","CPIA public sector management and institutions cluster average (1=low to 6=high)","IQ.CPA.PUBS.XQ","","","","","","","","","","","","","","","","","","","","","","","","","","","","","","","","","","","","","","","","","","","","","","","","","","","","","","","","","","","","","","","","",
"Caribbean small states","CSS","CPIA public sector management and institutions cluster average (1=low to 6=high)","IQ.CPA.PUBS.XQ","","","","","","","","","","","","","","","","","","","","","","","","","","","","","","","","","","","","","","","","","","","","","","3.6","3.58","3.66","3.66","3.68","3.68","3.66","3.66","3.66","3.6","3.56","3.56","3.56","3.58","3.6","3.6","3.58","3.58","3.58",
"Cuba","CUB","CPIA public sector management and institutions cluster average (1=low to 6=high)","IQ.CPA.PUBS.XQ","","","","","","","","","","","","","","","","","","","","","","","","","","","","","","","","","","","","","","","","","","","","","","","","","","","","","","","","","","","","","","","","",
"Curacao","CUW","CPIA public sector management and institutions cluster average (1=low to 6=high)","IQ.CPA.PUBS.XQ","","","","","","","","","","","","","","","","","","","","","","","","","","","","","","","","","","","","","","","","","","","","","","","","","","","","","","","","","","","","","","","","",
"Cayman Islands","CYM","CPIA public sector management and institutions cluster average (1=low to 6=high)","IQ.CPA.PUBS.XQ","","","","","","","","","","","","","","","","","","","","","","","","","","","","","","","","","","","","","","","","","","","","","","","","","","","","","","","","","","","","","","","","",
"Cyprus","CYP","CPIA public sector management and institutions cluster average (1=low to 6=high)","IQ.CPA.PUBS.XQ","","","","","","","","","","","","","","","","","","","","","","","","","","","","","","","","","","","","","","","","","","","","","","","","","","","","","","","","","","","","","","","","",
"Czechia","CZE","CPIA public sector management and institutions cluster average (1=low to 6=high)","IQ.CPA.PUBS.XQ","","","","","","","","","","","","","","","","","","","","","","","","","","","","","","","","","","","","","","","","","","","","","","","","","","","","","","","","","","","","","","","","",
"Germany","DEU","CPIA public sector management and institutions cluster average (1=low to 6=high)","IQ.CPA.PUBS.XQ","","","","","","","","","","","","","","","","","","","","","","","","","","","","","","","","","","","","","","","","","","","","","","","","","","","","","","","","","","","","","","","","",
"Djibouti","DJI","CPIA public sector management and institutions cluster average (1=low to 6=high)","IQ.CPA.PUBS.XQ","","","","","","","","","","","","","","","","","","","","","","","","","","","","","","","","","","","","","","","","","","","","","","2.8","2.8","2.8","2.8","2.8","2.8","2.8","2.6","2.7","2.7","2.7","2.7","2.7","3","3.1","3.2","3.1","3.1","3.1",
"Dominica","DMA","CPIA public sector management and institutions cluster average (1=low to 6=high)","IQ.CPA.PUBS.XQ","","","","","","","","","","","","","","","","","","","","","","","","","","","","","","","","","","","","","","","","","","","","","","3.6","3.6","3.8","3.8","3.8","3.9","3.8","3.8","3.8","3.8","3.8","3.7","3.7","3.7","3.7","3.7","3.7","3.7","3.7",
"Denmark","DNK","CPIA public sector management and institutions cluster average (1=low to 6=high)","IQ.CPA.PUBS.XQ","","","","","","","","","","","","","","","","","","","","","","","","","","","","","","","","","","","","","","","","","","","","","","","","","","","","","","","","","","","","","","","","",
"Dominican Republic","DOM","CPIA public sector management and institutions cluster average (1=low to 6=high)","IQ.CPA.PUBS.XQ","","","","","","","","","","","","","","","","","","","","","","","","","","","","","","","","","","","","","","","","","","","","","","","","","","","","","","","","","","","","","","","","",
"Algeria","DZA","CPIA public sector management and institutions cluster average (1=low to 6=high)","IQ.CPA.PUBS.XQ","","","","","","","","","","","","","","","","","","","","","","","","","","","","","","","","","","","","","","","","","","","","","","","","","","","","","","","","","","","","","","","","",
"East Asia & Pacific (excluding high income)","EAP","CPIA public sector management and institutions cluster average (1=low to 6=high)","IQ.CPA.PUBS.XQ","","","","","","","","","","","","","","","","","","","","","","","","","","","","","","","","","","","","","","","","","","","","","","3.08181818181818","3.025","3.03636363636364","3.11818181818182","3.15454545454545","3.21818181818182","3.17692307692308","3.15714285714286","3.12","3.12666666666667","3.13333333333333","3.1","3.09285714285714","3.06428571428571","3.04285714285714","3.02142857142857","2.99285714285714","2.97142857142857","2.97857142857143",
"Early-demographic dividend","EAR","CPIA public sector management and institutions cluster average (1=low to 6=high)","IQ.CPA.PUBS.XQ","","","","","","","","","","","","","","","","","","","","","","","","","","","","","","","","","","","","","","","","","","","","","","3.12666666666667","3.13","3.14827586206897","3.16206896551724","3.18965517241379","3.21034482758621","3.21333333333333","3.21","3.17741935483871","3.17","3.17333333333333","3.15172413793103","3.13448275862069","3.1448275862069","3.11724137931035","3.11034482758621","3.08620689655172","3.05862068965517","3.04137931034483",
"East Asia & Pacific","EAS","CPIA public sector management and institutions cluster average (1=low to 6=high)","IQ.CPA.PUBS.XQ","","","","","","","","","","","","","","","","","","","","","","","","","","","","","","","","","","","","","","","","","","","","","","3.08181818181818","3.025","3.03636363636364","3.11818181818182","3.15454545454545","3.21818181818182","3.17692307692308","3.15714285714286","3.12","3.12666666666667","3.13333333333333","3.1","3.09285714285714","3.06428571428571","3.04285714285714","3.02142857142857","2.99285714285714","2.97142857142857","2.97857142857143",
"Europe & Central Asia (excluding high income)","ECA","CPIA public sector management and institutions cluster average (1=low to 6=high)","IQ.CPA.PUBS.XQ","","","","","","","","","","","","","","","","","","","","","","","","","","","","","","","","","","","","","","","","","","","","","","3.15","3.12","3.1625","3.225","3.23333333333333","3.24444444444444","3.2875","3.3625","3.375","3.22","3.2","3.18","3.2","3.2","3.2","3.175","3.3","3.275","3.325",
"Europe & Central Asia","ECS","CPIA public sector management and institutions cluster average (1=low to 6=high)","IQ.CPA.PUBS.XQ","","","","","","","","","","","","","","","","","","","","","","","","","","","","","","","","","","","","","","","","","","","","","","3.15","3.12","3.1625","3.225","3.23333333333333","3.24444444444444","3.2875","3.3625","3.375","3.22","3.2","3.18","3.2","3.2","3.2","3.175","3.3","3.275","3.325",
"Ecuador","ECU","CPIA public sector management and institutions cluster average (1=low to 6=high)","IQ.CPA.PUBS.XQ","","","","","","","","","","","","","","","","","","","","","","","","","","","","","","","","","","","","","","","","","","","","","","","","","","","","","","","","","","","","","","","","",
"Egypt, Arab Rep.","EGY","CPIA public sector management and institutions cluster average (1=low to 6=high)","IQ.CPA.PUBS.XQ","","","","","","","","","","","","","","","","","","","","","","","","","","","","","","","","","","","","","","","","","","","","","","","","","","","","","","","","","","","","","","","","",
"Euro area","EMU","CPIA public sector management and institutions cluster average (1=low to 6=high)","IQ.CPA.PUBS.XQ","","","","","","","","","","","","","","","","","","","","","","","","","","","","","","","","","","","","","","","","","","","","","","","","","","","","","","","","","","","","","","","","",
"Eritrea","ERI","CPIA public sector management and institutions cluster average (1=low to 6=high)","IQ.CPA.PUBS.XQ","","","","","","","","","","","","","","","","","","","","","","","","","","","","","","","","","","","","","","","","","","","","","","2.8","2.8","2.7","2.7","2.7","2.7","2.6","2.6","2.6","2.6","2.5","2.5","2.5","2.6","2.5","2.4","2.3","2.1","1.5",
"Spain","ESP","CPIA public sector management and institutions cluster average (1=low to 6=high)","IQ.CPA.PUBS.XQ","","","","","","","","","","","","","","","","","","","","","","","","","","","","","","","","","","","","","","","","","","","","","","","","","","","","","","","","","","","","","","","","",
"Estonia","EST","CPIA public sector management and institutions cluster average (1=low to 6=high)","IQ.CPA.PUBS.XQ","","","","","","","","","","","","","","","","","","","","","","","","","","","","","","","","","","","","","","","","","","","","","","","","","","","","","","","","","","","","","","","","",
"Ethiopia","ETH","CPIA public sector management and institutions cluster average (1=low to 6=high)","IQ.CPA.PUBS.XQ","","","","","","","","","","","","","","","","","","","","","","","","","","","","","","","","","","","","","","","","","","","","","","3.1","3.3","3.3","3.3","3.2","3.2","3.3","3.4","3.4","3.5","3.5","3.5","3.5","3.5","3.4","3.5","3.4","3.4","3.1",
"European Union","EUU","CPIA public sector management and institutions cluster average (1=low to 6=high)","IQ.CPA.PUBS.XQ","","","","","","","","","","","","","","","","","","","","","","","","","","","","","","","","","","","","","","","","","","","","","","","","","","","","","","","","","","","","","","","","",
"Fragile and conflict affected situations","FCS","CPIA public sector management and institutions cluster average (1=low to 6=high)","IQ.CPA.PUBS.XQ","","","","","","","","","","","","","","","","","","","","","","","","","","","","","","","","","","","","","","","","","","","","","","2.79565217391304","2.732","2.724","2.712","2.76538461538462","2.78076923076923","2.80357142857143","2.76","2.74193548387097","2.77096774193548","2.75483870967742","2.74838709677419","2.684375","2.70645161290323","2.665625","2.646875","2.59677419354839","2.553125","2.50625",
"Finland","FIN","CPIA public sector management and institutions cluster average (1=low to 6=high)","IQ.CPA.PUBS.XQ","","","","","","","","","","","","","","","","","","","","","","","","","","","","","","","","","","","","","","","","","","","","","","","","","","","","","","","","","","","","","","","","",
"Fiji","FJI","CPIA public sector management and institutions cluster average (1=low to 6=high)","IQ.CPA.PUBS.XQ","","","","","","","","","","","","","","","","","","","","","","","","","","","","","","","","","","","","","","","","","","","","","","","","","","","","","","","","","","","","","3.2","3.3","3.2","3.2",
"France","FRA","CPIA public sector management and institutions cluster average (1=low to 6=high)","IQ.CPA.PUBS.XQ","","","","","","","","","","","","","","","","","","","","","","","","","","","","","","","","","","","","","","","","","","","","","","","","","","","","","","","","","","","","","","","","",
"Faroe Islands","FRO","CPIA public sector management and institutions cluster average (1=low to 6=high)","IQ.CPA.PUBS.XQ","","","","","","","","","","","","","","","","","","","","","","","","","","","","","","","","","","","","","","","","","","","","","","","","","","","","","","","","","","","","","","","","",
"Micronesia, Fed. Sts.","FSM","CPIA public sector management and institutions cluster average (1=low to 6=high)","IQ.CPA.PUBS.XQ","","","","","","","","","","","","","","","","","","","","","","","","","","","","","","","","","","","","","","","","","","","","","","","","","","","","2.8","2.9","2.9","2.9","2.9","2.9","2.9","2.9","2.8","2.8","2.9","2.9","2.9",
"Gabon","GAB","CPIA public sector management and institutions cluster average (1=low to 6=high)","IQ.CPA.PUBS.XQ","","","","","","","","","","","","","","","","","","","","","","","","","","","","","","","","","","","","","","","","","","","","","","","","","","","","","","","","","","","","","","","","",
"United Kingdom","GBR","CPIA public sector management and institutions cluster average (1=low to 6=high)","IQ.CPA.PUBS.XQ","","","","","","","","","","","","","","","","","","","","","","","","","","","","","","","","","","","","","","","","","","","","","","","","","","","","","","","","","","","","","","","","",
"Georgia","GEO","CPIA public sector management and institutions cluster average (1=low to 6=high)","IQ.CPA.PUBS.XQ","","","","","","","","","","","","","","","","","","","","","","","","","","","","","","","","","","","","","","","","","","","","","","3.6","3.7","3.7","3.8","3.8","3.9","3.8","4","4","","","","","","","","","","",
"Ghana","GHA","CPIA public sector management and institutions cluster average (1=low to 6=high)","IQ.CPA.PUBS.XQ","","","","","","","","","","","","","","","","","","","","","","","","","","","","","","","","","","","","","","","","","","","","","","3.7","3.9","3.9","3.9","3.8","3.7","3.7","3.7","3.7","3.4","3.7","3.6","3.6","3.6","3.6","3.6","3.6","3.6","3.6",
"Gibraltar","GIB","CPIA public sector management and institutions cluster average (1=low to 6=high)","IQ.CPA.PUBS.XQ","","","","","","","","","","","","","","","","","","","","","","","","","","","","","","","","","","","","","","","","","","","","","","","","","","","","","","","","","","","","","","","","",
"Guinea","GIN","CPIA public sector management and institutions cluster average (1=low to 6=high)","IQ.CPA.PUBS.XQ","","","","","","","","","","","","","","","","","","","","","","","","","","","","","","","","","","","","","","","","","","","","","","2.7","2.6","2.7","2.6","2.6","2.6","2.6","2.6","2.7","2.7","2.8","2.9","2.9","2.9","2.9","2.9","3","3","3",
"Gambia, The","GMB","CPIA public sector management and institutions cluster average (1=low to 6=high)","IQ.CPA.PUBS.XQ","","","","","","","","","","","","","","","","","","","","","","","","","","","","","","","","","","","","","","","","","","","","","","2.9","2.9","3","2.9","2.9","3","3.2","3","3","3","2.9","2.9","2.9","3","3","3","3","3","3.1",
"Guinea-Bissau","GNB","CPIA public sector management and institutions cluster average (1=low to 6=high)","IQ.CPA.PUBS.XQ","","","","","","","","","","","","","","","","","","","","","","","","","","","","","","","","","","","","","","","","","","","","","","2.6","2.6","2.6","2.6","2.6","2.6","2.6","2.3","2.2","2.2","2.2","2.2","2","2","2","2","2.1","2.1","2.1",
"Equatorial Guinea","GNQ","CPIA public sector management and institutions cluster average (1=low to 6=high)","IQ.CPA.PUBS.XQ","","","","","","","","","","","","","","","","","","","","","","","","","","","","","","","","","","","","","","","","","","","","","","","","","","","","","","","","","","","","","","","","",
"Greece","GRC","CPIA public sector management and institutions cluster average (1=low to 6=high)","IQ.CPA.PUBS.XQ","","","","","","","","","","","","","","","","","","","","","","","","","","","","","","","","","","","","","","","","","","","","","","","","","","","","","","","","","","","","","","","","",
"Grenada","GRD","CPIA public sector management and institutions cluster average (1=low to 6=high)","IQ.CPA.PUBS.XQ","","","","","","","","","","","","","","","","","","","","","","","","","","","","","","","","","","","","","","","","","","","","","","3.7","3.7","3.7","3.7","3.7","3.7","3.7","3.7","3.6","3.5","3.5","3.5","3.5","3.5","3.6","3.6","3.5","3.5","3.5",
"Greenland","GRL","CPIA public sector management and institutions cluster average (1=low to 6=high)","IQ.CPA.PUBS.XQ","","","","","","","","","","","","","","","","","","","","","","","","","","","","","","","","","","","","","","","","","","","","","","","","","","","","","","","","","","","","","","","","",
"Guatemala","GTM","CPIA public sector management and institutions cluster average (1=low to 6=high)","IQ.CPA.PUBS.XQ","","","","","","","","","","","","","","","","","","","","","","","","","","","","","","","","","","","","","","","","","","","","","","","","","","","","","","","","","","","","","","","","",
"Guam","GUM","CPIA public sector management and institutions cluster average (1=low to 6=high)","IQ.CPA.PUBS.XQ","","","","","","","","","","","","","","","","","","","","","","","","","","","","","","","","","","","","","","","","","","","","","","","","","","","","","","","","","","","","","","","","",
"Guyana","GUY","CPIA public sector management and institutions cluster average (1=low to 6=high)","IQ.CPA.PUBS.XQ","","","","","","","","","","","","","","","","","","","","","","","","","","","","","","","","","","","","","","","","","","","","","","3.1","3.1","3.1","3.1","3.1","3","3","3","3.1","3.1","3.1","3.1","3.1","3.2","3.2","3.2","3.2","3.2","3.2",
"High income","HIC","CPIA public sector management and institutions cluster average (1=low to 6=high)","IQ.CPA.PUBS.XQ","","","","","","","","","","","","","","","","","","","","","","","","","","","","","","","","","","","","","","","","","","","","","","3.1","3.1","3.1","3.1","3.1","3","3","3","3.1","3.1","3.1","3.1","3.1","3.2","3.2","3.2","3.2","3.2","3.2",
"Hong Kong SAR, China","HKG","CPIA public sector management and institutions cluster average (1=low to 6=high)","IQ.CPA.PUBS.XQ","","","","","","","","","","","","","","","","","","","","","","","","","","","","","","","","","","","","","","","","","","","","","","","","","","","","","","","","","","","","","","","","",
"Honduras","HND","CPIA public sector management and institutions cluster average (1=low to 6=high)","IQ.CPA.PUBS.XQ","","","","","","","","","","","","","","","","","","","","","","","","","","","","","","","","","","","","","","","","","","","","","","3.5","3.5","3.5","3.4","3.3","3.3","3.4","3.2","3","3","3.1","3.1","3.1","3.1","3","3","3","3","2.8",
"Heavily indebted poor countries (HIPC)","HPC","CPIA public sector management and institutions cluster average (1=low to 6=high)","IQ.CPA.PUBS.XQ","","","","","","","","","","","","","","","","","","","","","","","","","","","","","","","","","","","","","","","","","","","","","","3.00277777777778","2.97567567567568","2.97297297297297","2.95405405405405","2.96315789473684","2.95263157894737","2.97105263157895","2.93684210526316","2.93421052631579","2.94473684210526","2.95","2.96216216216216","2.92105263157895","2.94594594594595","2.90789473684211","2.8921052631579","2.87837837837838","2.83421052631579","2.81315789473684",
"Croatia","HRV","CPIA public sector management and institutions cluster average (1=low to 6=high)","IQ.CPA.PUBS.XQ","","","","","","","","","","","","","","","","","","","","","","","","","","","","","","","","","","","","","","","","","","","","","","","","","","","","","","","","","","","","","","","","",
"Haiti","HTI","CPIA public sector management and institutions cluster average (1=low to 6=high)","IQ.CPA.PUBS.XQ","","","","","","","","","","","","","","","","","","","","","","","","","","","","","","","","","","","","","","","","","","","","","","2.3","2.4","2.4","2.4","2.5","2.5","2.5","2.5","2.4","2.4","2.4","2.4","2.4","2.5","2.3","2.2","2","2","1.9",
"Hungary","HUN","CPIA public sector management and institutions cluster average (1=low to 6=high)","IQ.CPA.PUBS.XQ","","","","","","","","","","","","","","","","","","","","","","","","","","","","","","","","","","","","","","","","","","","","","","","","","","","","","","","","","","","","","","","","",
"IBRD only","IBD","CPIA public sector management and institutions cluster average (1=low to 6=high)","IQ.CPA.PUBS.XQ","","","","","","","","","","","","","","","","","","","","","","","","","","","","","","","","","","","","","","","","","","","","","","3.32307692307692","3.29230769230769","3.36","3.38","3.38","3.37","3.37777777777778","3.38888888888889","3.4","3.375","3.35","3.35","3.35","3.3","3.3","","","","",
"IDA & IBRD total","IBT","CPIA public sector management and institutions cluster average (1=low to 6=high)","IQ.CPA.PUBS.XQ","","","","","","","","","","","","","","","","","","","","","","","","","","","","","","","","","","","","","","","","","","","","","","3.10131578947368","3.07179487179487","3.08133333333333","3.084","3.1038961038961","3.10909090909091","3.11282051282051","3.08625","3.07530864197531","3.06184210526316","3.05657894736842","3.04246575342466","3.01216216216216","3.02602739726027","3.00666666666667","2.98630136986301","2.98472222222222","2.95135135135135","2.94324324324324",
"IDA total","IDA","CPIA public sector management and institutions cluster average (1=low to 6=high)","IQ.CPA.PUBS.XQ","","","","","","","","","","","","","","","","","","","","","","","","","","","","","","","","","","","","","","","","","","","","","","3.05555555555556","3.02769230769231","3.03846153846154","3.03846153846154","3.06268656716418","3.07014925373134","3.07826086956522","3.04788732394366","3.03472222222222","3.04444444444444","3.04027777777778","3.03380281690141","3.00277777777778","3.01830985915493","2.9986301369863","2.98630136986301","2.98472222222222","2.95135135135135","2.94324324324324",
"IDA blend","IDB","CPIA public sector management and institutions cluster average (1=low to 6=high)","IQ.CPA.PUBS.XQ","","","","","","","","","","","","","","","","","","","","","","","","","","","","","","","","","","","","","","","","","","","","","","3.18461538461538","3.11428571428571","3.14285714285714","3.12857142857143","3.16428571428571","3.19285714285714","3.18571428571429","3.18571428571429","3.17142857142857","3.18571428571429","3.2","3.19285714285714","3.2","3.21428571428571","3.25","3.24666666666667","3.28","3.26666666666667","3.28",
"Indonesia","IDN","CPIA public sector management and institutions cluster average (1=low to 6=high)","IQ.CPA.PUBS.XQ","","","","","","","","","","","","","","","","","","","","","","","","","","","","","","","","","","","","","","","","","","","","","","3.2","3.2","","","","","","","","","","","","","","","","","",
"IDA only","IDX","CPIA public sector management and institutions cluster average (1=low to 6=high)","IQ.CPA.PUBS.XQ","","","","","","","","","","","","","","","","","","","","","","","","","","","","","","","","","","","","","","","","","","","","","","3.022","3.00392156862745","3.00980392156863","3.01372549019608","3.03584905660377","3.0377358490566","3.05090909090909","3.0140350877193","3.00172413793104","3.01034482758621","3.00172413793103","2.99473684210526","2.9551724137931","2.97017543859649","2.93898305084746","2.91896551724138","2.90701754385965","2.87118644067797","2.85762711864407",
"Isle of Man","IMN","CPIA public sector management and institutions cluster average (1=low to 6=high)","IQ.CPA.PUBS.XQ","","","","","","","","","","","","","","","","","","","","","","","","","","","","","","","","","","","","","","","","","","","","","","","","","","","","","","","","","","","","","","","","",
"India","IND","CPIA public sector management and institutions cluster average (1=low to 6=high)","IQ.CPA.PUBS.XQ","","","","","","","","","","","","","","","","","","","","","","","","","","","","","","","","","","","","","","","","","","","","","","3.7","3.7","3.7","3.7","3.7","3.6","3.6","3.6","3.6","","","","","","","","","","",
"Not classified","INX","CPIA public sector management and institutions cluster average (1=low to 6=high)","IQ.CPA.PUBS.XQ","","","","","","","","","","","","","","","","","","","","","","","","","","","","","","","","","","","","","","","","","","","","","","","","","","","","","","","","","","","","","","","","",
"Ireland","IRL","CPIA public sector management and institutions cluster average (1=low to 6=high)","IQ.CPA.PUBS.XQ","","","","","","","","","","","","","","","","","","","","","","","","","","","","","","","","","","","","","","","","","","","","","","","","","","","","","","","","","","","","","","","","",
"Iran, Islamic Rep.","IRN","CPIA public sector management and institutions cluster average (1=low to 6=high)","IQ.CPA.PUBS.XQ","","","","","","","","","","","","","","","","","","","","","","","","","","","","","","","","","","","","","","","","","","","","","","","","","","","","","","","","","","","","","","","","",
"Iraq","IRQ","CPIA public sector management and institutions cluster average (1=low to 6=high)","IQ.CPA.PUBS.XQ","","","","","","","","","","","","","","","","","","","","","","","","","","","","","","","","","","","","","","","","","","","","","","","","","","","","","","","","","","","","","","","","",
"Iceland","ISL","CPIA public sector management and institutions cluster average (1=low to 6=high)","IQ.CPA.PUBS.XQ","","","","","","","","","","","","","","","","","","","","","","","","","","","","","","","","","","","","","","","","","","","","","","","","","","","","","","","","","","","","","","","","",
"Israel","ISR","CPIA public sector management and institutions cluster average (1=low to 6=high)","IQ.CPA.PUBS.XQ","","","","","","","","","","","","","","","","","","","","","","","","","","","","","","","","","","","","","","","","","","","","","","","","","","","","","","","","","","","","","","","","",
"Italy","ITA","CPIA public sector management and institutions cluster average (1=low to 6=high)","IQ.CPA.PUBS.XQ","","","","","","","","","","","","","","","","","","","","","","","","","","","","","","","","","","","","","","","","","","","","","","","","","","","","","","","","","","","","","","","","",
"Jamaica","JAM","CPIA public sector management and institutions cluster average (1=low to 6=high)","IQ.CPA.PUBS.XQ","","","","","","","","","","","","","","","","","","","","","","","","","","","","","","","","","","","","","","","","","","","","","","","","","","","","","","","","","","","","","","","","",
"Jordan","JOR","CPIA public sector management and institutions cluster average (1=low to 6=high)","IQ.CPA.PUBS.XQ","","","","","","","","","","","","","","","","","","","","","","","","","","","","","","","","","","","","","","","","","","","","","","","","","","","","","","","","","","","","","","","","",
"Japan","JPN","CPIA public sector management and institutions cluster average (1=low to 6=high)","IQ.CPA.PUBS.XQ","","","","","","","","","","","","","","","","","","","","","","","","","","","","","","","","","","","","","","","","","","","","","","","","","","","","","","","","","","","","","","","","",
"Kazakhstan","KAZ","CPIA public sector management and institutions cluster average (1=low to 6=high)","IQ.CPA.PUBS.XQ","","","","","","","","","","","","","","","","","","","","","","","","","","","","","","","","","","","","","","","","","","","","","","","","","","","","","","","","","","","","","","","","",
"Kenya","KEN","CPIA public sector management and institutions cluster average (1=low to 6=high)","IQ.CPA.PUBS.XQ","","","","","","","","","","","","","","","","","","","","","","","","","","","","","","","","","","","","","","","","","","","","","","3.3","3.4","3.3","3.3","3.3","3.3","3.3","3.4","3.4","3.4","3.4","3.4","3.4","3.4","3.4","3.4","3.6","3.5","3.6",
"Kyrgyz Republic","KGZ","CPIA public sector management and institutions cluster average (1=low to 6=high)","IQ.CPA.PUBS.XQ","","","","","","","","","","","","","","","","","","","","","","","","","","","","","","","","","","","","","","","","","","","","","","2.7","2.8","2.9","3","3","3","3","3.1","3.1","3.2","3.2","3.2","3.2","3.2","3.2","3.2","3.2","3","3",
"Cambodia","KHM","CPIA public sector management and institutions cluster average (1=low to 6=high)","IQ.CPA.PUBS.XQ","","","","","","","","","","","","","","","","","","","","","","","","","","","","","","","","","","","","","","","","","","","","","","2.6","2.7","2.7","2.7","2.7","2.7","2.8","2.8","2.8","2.8","2.7","2.7","2.7","2.6","2.6","2.7","2.8","2.8","2.8",
"Kiribati","KIR","CPIA public sector management and institutions cluster average (1=low to 6=high)","IQ.CPA.PUBS.XQ","","","","","","","","","","","","","","","","","","","","","","","","","","","","","","","","","","","","","","","","","","","","","","3.3","3.2","3.2","3.1","3.1","3.1","3.3","3.2","3.2","3.2","3.2","3.2","3.2","3.2","3.3","3.3","3.3","3.2","3.2",
"St. Kitts and Nevis","KNA","CPIA public sector management and institutions cluster average (1=low to 6=high)","IQ.CPA.PUBS.XQ","","","","","","","","","","","","","","","","","","","","","","","","","","","","","","","","","","","","","","","","","","","","","","","","","","","","","","","","","","","","","","","","",
"Korea, Rep.","KOR","CPIA public sector management and institutions cluster average (1=low to 6=high)","IQ.CPA.PUBS.XQ","","","","","","","","","","","","","","","","","","","","","","","","","","","","","","","","","","","","","","","","","","","","","","","","","","","","","","","","","","","","","","","","",
"Kuwait","KWT","CPIA public sector management and institutions cluster average (1=low to 6=high)","IQ.CPA.PUBS.XQ","","","","","","","","","","","","","","","","","","","","","","","","","","","","","","","","","","","","","","","","","","","","","","","","","","","","","","","","","","","","","","","","",
"Latin America & Caribbean (excluding high income)","LAC","CPIA public sector management and institutions cluster average (1=low to 6=high)","IQ.CPA.PUBS.XQ","","","","","","","","","","","","","","","","","","","","","","","","","","","","","","","","","","","","","","","","","","","","","","3.4375","3.425","3.475","3.4625","3.475","3.4625","3.45","3.425","3.3875","3.35","3.325","3.34285714285714","3.34285714285714","3.34285714285714","3.3","3.27142857142857","3.21428571428571","3.18571428571429","3.11428571428571",
"Lao PDR","LAO","CPIA public sector management and institutions cluster average (1=low to 6=high)","IQ.CPA.PUBS.XQ","","","","","","","","","","","","","","","","","","","","","","","","","","","","","","","","","","","","","","","","","","","","","","2.5","2.7","2.7","2.9","2.9","3.1","3.1","3.1","3.1","3.1","3.1","3.1","3.1","3.1","2.8","2.8","2.8","2.8","2.8",
"Lebanon","LBN","CPIA public sector management and institutions cluster average (1=low to 6=high)","IQ.CPA.PUBS.XQ","","","","","","","","","","","","","","","","","","","","","","","","","","","","","","","","","","","","","","","","","","","","","","","","","","","","","","","","","","","","","","","","",
"Liberia","LBR","CPIA public sector management and institutions cluster average (1=low to 6=high)","IQ.CPA.PUBS.XQ","","","","","","","","","","","","","","","","","","","","","","","","","","","","","","","","","","","","","","","","","","","","","","","","","","2.8","2.8","2.8","2.8","2.9","2.9","2.9","2.9","2.9","2.5","2.7","2.7","2.8","2.7","2.7",
"Libya","LBY","CPIA public sector management and institutions cluster average (1=low to 6=high)","IQ.CPA.PUBS.XQ","","","","","","","","","","","","","","","","","","","","","","","","","","","","","","","","","","","","","","","","","","","","","","","","","","","","","","","","","","","","","","","","",
"St. Lucia","LCA","CPIA public sector management and institutions cluster average (1=low to 6=high)","IQ.CPA.PUBS.XQ","","","","","","","","","","","","","","","","","","","","","","","","","","","","","","","","","","","","","","","","","","","","","","3.9","3.8","3.9","3.9","4","4","4","4","4","3.9","3.7","3.8","3.8","3.8","3.8","3.8","3.8","3.8","3.8",
"Latin America & Caribbean","LCN","CPIA public sector management and institutions cluster average (1=low to 6=high)","IQ.CPA.PUBS.XQ","","","","","","","","","","","","","","","","","","","","","","","","","","","","","","","","","","","","","","","","","","","","","","3.4","3.38888888888889","3.43333333333333","3.42222222222222","3.43333333333333","3.41111111111111","3.4","3.37777777777778","3.35555555555556","3.32222222222222","3.3","3.3125","3.3125","3.325","3.2875","3.2625","3.2125","3.1875","3.125",
"Least developed countries: UN classification","LDC","CPIA public sector management and institutions cluster average (1=low to 6=high)","IQ.CPA.PUBS.XQ","","","","","","","","","","","","","","","","","","","","","","","","","","","","","","","","","","","","","","","","","","","","","","2.92631578947368","2.8975","2.905","2.895","2.90731707317073","2.91463414634146","2.92682926829268","2.87441860465116","2.86136363636364","2.8906976744186","2.87906976744186","2.88139534883721","2.83181818181818","2.84418604651163","2.8","2.78863636363636","2.76511627906977","2.72045454545455","2.70227272727273",
"Low income","LIC","CPIA public sector management and institutions cluster average (1=low to 6=high)","IQ.CPA.PUBS.XQ","","","","","","","","","","","","","","","","","","","","","","","","","","","","","","","","","","","","","","","","","","","","","","2.92","2.88571428571429","2.88571428571429","2.88095238095238","2.89090909090909","2.90454545454546","2.91818181818182","2.81304347826087","2.8","2.81304347826087","2.77826086956522","2.76521739130435","2.69166666666667","2.73478260869565","2.69166666666667","2.69166666666667","2.67391304347826","2.60416666666667","2.5625",
"Liechtenstein","LIE","CPIA public sector management and institutions cluster average (1=low to 6=high)","IQ.CPA.PUBS.XQ","","","","","","","","","","","","","","","","","","","","","","","","","","","","","","","","","","","","","","","","","","","","","","","","","","","","","","","","","","","","","","","","",
"Sri Lanka","LKA","CPIA public sector management and institutions cluster average (1=low to 6=high)","IQ.CPA.PUBS.XQ","","","","","","","","","","","","","","","","","","","","","","","","","","","","","","","","","","","","","","","","","","","","","","3.5","3.5","3.3","3.3","3.4","3.4","3.4","3.4","3.3","3.3","3.4","","","","3.3","","","3.3","3.3",
"Lower middle income","LMC","CPIA public sector management and institutions cluster average (1=low to 6=high)","IQ.CPA.PUBS.XQ","","","","","","","","","","","","","","","","","","","","","","","","","","","","","","","","","","","","","","","","","","","","","","3.0675","3.04878048780488","3.05121951219512","3.04634146341464","3.07073170731707","3.06829268292683","3.08095238095238","3.08809523809524","3.07674418604651","3.09756097560976","3.11463414634146","3.10263157894737","3.1","3.09473684210526","3.08205128205128","3.06052631578947","3.05263157894737","3.04358974358974","3.04871794871795",
"Low & middle income","LMY","CPIA public sector management and institutions cluster average (1=low to 6=high)","IQ.CPA.PUBS.XQ","","","","","","","","","","","","","","","","","","","","","","","","","","","","","","","","","","","","","","","","","","","","","","3.10133333333333","3.07142857142857","3.08108108108108","3.08378378378378","3.10394736842105","3.11052631578947","3.11428571428571","3.0873417721519","3.075","3.06133333333333","3.056","3.04166666666667","3.01095890410959","3.02361111111111","3.00405405405405","2.98333333333333","2.98169014084507","2.94794520547945","2.93972602739726",
"Lesotho","LSO","CPIA public sector management and institutions cluster average (1=low to 6=high)","IQ.CPA.PUBS.XQ","","","","","","","","","","","","","","","","","","","","","","","","","","","","","","","","","","","","","","","","","","","","","","3.4","3.4","3.4","3.4","3.4","3.5","3.5","3.5","3.3","3.3","3.3","3.3","3.3","3.2","3.1","3","3","3","2.9",
"Late-demographic dividend","LTE","CPIA public sector management and institutions cluster average (1=low to 6=high)","IQ.CPA.PUBS.XQ","","","","","","","","","","","","","","","","","","","","","","","","","","","","","","","","","","","","","","","","","","","","","","3.4","3.36153846153846","3.44545454545455","3.47272727272727","3.49090909090909","3.48181818181818","3.52","3.54","3.55","3.4375","3.425","3.41666666666667","3.41666666666667","3.41666666666667","3.4","3.42","3.44","3.36666666666667","3.36666666666667",
"Lithuania","LTU","CPIA public sector management and institutions cluster average (1=low to 6=high)","IQ.CPA.PUBS.XQ","","","","","","","","","","","","","","","","","","","","","","","","","","","","","","","","","","","","","","","","","","","","","","","","","","","","","","","","","","","","","","","","",
"Luxembourg","LUX","CPIA public sector management and institutions cluster average (1=low to 6=high)","IQ.CPA.PUBS.XQ","","","","","","","","","","","","","","","","","","","","","","","","","","","","","","","","","","","","","","","","","","","","","","","","","","","","","","","","","","","","","","","","",
"Latvia","LVA","CPIA public sector management and institutions cluster average (1=low to 6=high)","IQ.CPA.PUBS.XQ","","","","","","","","","","","","","","","","","","","","","","","","","","","","","","","","","","","","","","","","","","","","","","","","","","","","","","","","","","","","","","","","",
"Macao SAR, China","MAC","CPIA public sector management and institutions cluster average (1=low to 6=high)","IQ.CPA.PUBS.XQ","","","","","","","","","","","","","","","","","","","","","","","","","","","","","","","","","","","","","","","","","","","","","","","","","","","","","","","","","","","","","","","","",
"St. Martin (French part)","MAF","CPIA public sector management and institutions cluster average (1=low to 6=high)","IQ.CPA.PUBS.XQ","","","","","","","","","","","","","","","","","","","","","","","","","","","","","","","","","","","","","","","","","","","","","","","","","","","","","","","","","","","","","","","","",
"Morocco","MAR","CPIA public sector management and institutions cluster average (1=low to 6=high)","IQ.CPA.PUBS.XQ","","","","","","","","","","","","","","","","","","","","","","","","","","","","","","","","","","","","","","","","","","","","","","","","","","","","","","","","","","","","","","","","",
"Monaco","MCO","CPIA public sector management and institutions cluster average (1=low to 6=high)","IQ.CPA.PUBS.XQ","","","","","","","","","","","","","","","","","","","","","","","","","","","","","","","","","","","","","","","","","","","","","","","","","","","","","","","","","","","","","","","","",
"Moldova","MDA","CPIA public sector management and institutions cluster average (1=low to 6=high)","IQ.CPA.PUBS.XQ","","","","","","","","","","","","","","","","","","","","","","","","","","","","","","","","","","","","","","","","","","","","","","3.2","3.2","3.4","3.5","3.4","3.4","3.5","3.5","3.6","3.5","3.4","3.4","3.4","3.4","3.3","","","","",
"Madagascar","MDG","CPIA public sector management and institutions cluster average (1=low to 6=high)","IQ.CPA.PUBS.XQ","","","","","","","","","","","","","","","","","","","","","","","","","","","","","","","","","","","","","","","","","","","","","","3.4","3.4","3.5","3.6","3.3","3","2.8","2.6","2.5","2.6","2.7","2.8","2.8","2.8","2.7","2.7","2.7","2.7","2.7",
"Maldives","MDV","CPIA public sector management and institutions cluster average (1=low to 6=high)","IQ.CPA.PUBS.XQ","","","","","","","","","","","","","","","","","","","","","","","","","","","","","","","","","","","","","","","","","","","","","","3.6","3.5","3.5","3.5","3.5","3.5","3.4","3.4","3.2","3.2","3.1","3.1","3","3","3.2","3.2","3.2","3.2","3.2",
"Middle East & North Africa","MEA","CPIA public sector management and institutions cluster average (1=low to 6=high)","IQ.CPA.PUBS.XQ","","","","","","","","","","","","","","","","","","","","","","","","","","","","","","","","","","","","","","","","","","","","","","2.85","2.85","2.85","2.9","2.9","2.85","2.85","2.7","2.75","2.7","2.55","2.45","2.25","2.35","2.4","2.45","2.4","2.35","2.3",
"Mexico","MEX","CPIA public sector management and institutions cluster average (1=low to 6=high)","IQ.CPA.PUBS.XQ","","","","","","","","","","","","","","","","","","","","","","","","","","","","","","","","","","","","","","","","","","","","","","","","","","","","","","","","","","","","","","","","",
"Marshall Islands","MHL","CPIA public sector management and institutions cluster average (1=low to 6=high)","IQ.CPA.PUBS.XQ","","","","","","","","","","","","","","","","","","","","","","","","","","","","","","","","","","","","","","","","","","","","","","","","","","","","2.8","2.8","2.8","2.8","2.8","2.8","2.8","2.8","2.8","2.8","2.8","2.8","2.8",
"Middle income","MIC","CPIA public sector management and institutions cluster average (1=low to 6=high)","IQ.CPA.PUBS.XQ","","","","","","","","","","","","","","","","","","","","","","","","","","","","","","","","","","","","","","","","","","","","","","3.16727272727273","3.14107142857143","3.15849056603774","3.16415094339623","3.19074074074074","3.19444444444444","3.19272727272727","3.2","3.1859649122807","3.17115384615385","3.17884615384615","3.17142857142857","3.16734693877551","3.15918367346939","3.154","3.12916666666667","3.12916666666667","3.11632653061225","3.12448979591837",
"North Macedonia","MKD","CPIA public sector management and institutions cluster average (1=low to 6=high)","IQ.CPA.PUBS.XQ","","","","","","","","","","","","","","","","","","","","","","","","","","","","","","","","","","","","","","","","","","","","","","","","","","","","","","","","","","","","","","","","",
"Mali","MLI","CPIA public sector management and institutions cluster average (1=low to 6=high)","IQ.CPA.PUBS.XQ","","","","","","","","","","","","","","","","","","","","","","","","","","","","","","","","","","","","","","","","","","","","","","3.6","3.5","3.5","3.4","3.4","3.4","3.3","3","3","3","3","3","3","3","3.1","2.7","2.6","2.4","2.3",
"Malta","MLT","CPIA public sector management and institutions cluster average (1=low to 6=high)","IQ.CPA.PUBS.XQ","","","","","","","","","","","","","","","","","","","","","","","","","","","","","","","","","","","","","","","","","","","","","","","","","","","","","","","","","","","","","","","","",
"Myanmar","MMR","CPIA public sector management and institutions cluster average (1=low to 6=high)","IQ.CPA.PUBS.XQ","","","","","","","","","","","","","","","","","","","","","","","","","","","","","","","","","","","","","","","","","","","","","","","","","","","","","","2.7","2.9","3","3","2.9","2.8","2.8","2.8","2","1.9","1.9",
"Middle East & North Africa (excluding high income)","MNA","CPIA public sector management and institutions cluster average (1=low to 6=high)","IQ.CPA.PUBS.XQ","","","","","","","","","","","","","","","","","","","","","","","","","","","","","","","","","","","","","","","","","","","","","","2.85","2.85","2.85","2.9","2.9","2.85","2.85","2.7","2.75","2.7","2.55","2.45","2.25","2.35","2.4","2.45","2.4","2.35","2.3",
"Montenegro","MNE","CPIA public sector management and institutions cluster average (1=low to 6=high)","IQ.CPA.PUBS.XQ","","","","","","","","","","","","","","","","","","","","","","","","","","","","","","","","","","","","","","","","","","","","","","","","","","","","","","","","","","","","","","","","",
"Mongolia","MNG","CPIA public sector management and institutions cluster average (1=low to 6=high)","IQ.CPA.PUBS.XQ","","","","","","","","","","","","","","","","","","","","","","","","","","","","","","","","","","","","","","","","","","","","","","3.3","3.3","3.4","3.3","3.4","3.4","3.5","3.4","3.4","3.3","3.4","3.3","3.3","3.2","3.3","","","","",
"Northern Mariana Islands","MNP","CPIA public sector management and institutions cluster average (1=low to 6=high)","IQ.CPA.PUBS.XQ","","","","","","","","","","","","","","","","","","","","","","","","","","","","","","","","","","","","","","","","","","","","","","","","","","","","","","","","","","","","","","","","",
"Mozambique","MOZ","CPIA public sector management and institutions cluster average (1=low to 6=high)","IQ.CPA.PUBS.XQ","","","","","","","","","","","","","","","","","","","","","","","","","","","","","","","","","","","","","","","","","","","","","","3.2","3.1","3.3","3.3","3.4","3.4","3.4","3.4","3.3","3.3","3.2","3.2","3.1","3.1","3.1","3","3","3","2.9",
"Mauritania","MRT","CPIA public sector management and institutions cluster average (1=low to 6=high)","IQ.CPA.PUBS.XQ","","","","","","","","","","","","","","","","","","","","","","","","","","","","","","","","","","","","","","","","","","","","","","2.9","2.9","3","3","3","3","3","3.1","3.1","3.2","3.2","3.3","3.3","3.3","3.3","3.2","3.3","3.3","3.4",
"Mauritius","MUS","CPIA public sector management and institutions cluster average (1=low to 6=high)","IQ.CPA.PUBS.XQ","","","","","","","","","","","","","","","","","","","","","","","","","","","","","","","","","","","","","","","","","","","","","","","","","","","","","","","","","","","","","","","","",
"Malawi","MWI","CPIA public sector management and institutions cluster average (1=low to 6=high)","IQ.CPA.PUBS.XQ","","","","","","","","","","","","","","","","","","","","","","","","","","","","","","","","","","","","","","","","","","","","","","3.4","3.4","3.4","3.4","3.4","3.4","3.3","3.3","3.1","3.1","3.1","3.2","3.2","3.2","3","3","3","2.9","3",
"Malaysia","MYS","CPIA public sector management and institutions cluster average (1=low to 6=high)","IQ.CPA.PUBS.XQ","","","","","","","","","","","","","","","","","","","","","","","","","","","","","","","","","","","","","","","","","","","","","","","","","","","","","","","","","","","","","","","","",
"North America","NAC","CPIA public sector management and institutions cluster average (1=low to 6=high)","IQ.CPA.PUBS.XQ","","","","","","","","","","","","","","","","","","","","","","","","","","","","","","","","","","","","","","","","","","","","","","","","","","","","","","","","","","","","","","","","",
"Namibia","NAM","CPIA public sector management and institutions cluster average (1=low to 6=high)","IQ.CPA.PUBS.XQ","","","","","","","","","","","","","","","","","","","","","","","","","","","","","","","","","","","","","","","","","","","","","","","","","","","","","","","","","","","","","","","","",
"New Caledonia","NCL","CPIA public sector management and institutions cluster average (1=low to 6=high)","IQ.CPA.PUBS.XQ","","","","","","","","","","","","","","","","","","","","","","","","","","","","","","","","","","","","","","","","","","","","","","","","","","","","","","","","","","","","","","","","",
"Niger","NER","CPIA public sector management and institutions cluster average (1=low to 6=high)","IQ.CPA.PUBS.XQ","","","","","","","","","","","","","","","","","","","","","","","","","","","","","","","","","","","","","","","","","","","","","","3.2","3.2","3.2","3.2","3.1","3.2","3.2","3.2","3.2","3.2","3.2","3.1","3.1","3.1","3.1","3.2","3.2","3.2","3.2",
"Nigeria","NGA","CPIA public sector management and institutions cluster average (1=low to 6=high)","IQ.CPA.PUBS.XQ","","","","","","","","","","","","","","","","","","","","","","","","","","","","","","","","","","","","","","","","","","","","","","2.8","2.8","2.9","2.9","2.9","2.9","2.9","2.9","2.8","2.8","2.8","2.8","2.8","2.8","2.8","2.8","2.8","2.8","2.7",
"Nicaragua","NIC","CPIA public sector management and institutions cluster average (1=low to 6=high)","IQ.CPA.PUBS.XQ","","","","","","","","","","","","","","","","","","","","","","","","","","","","","","","","","","","","","","","","","","","","","","3.5","3.4","3.4","3.4","3.4","3.2","3.2","3.2","3.3","3.3","3.3","3.2","3.2","3.1","3","2.9","2.8","2.6","2.4",
"Netherlands","NLD","CPIA public sector management and institutions cluster average (1=low to 6=high)","IQ.CPA.PUBS.XQ","","","","","","","","","","","","","","","","","","","","","","","","","","","","","","","","","","","","","","","","","","","","","","","","","","","","","","","","","","","","","","","","",
"Norway","NOR","CPIA public sector management and institutions cluster average (1=low to 6=high)","IQ.CPA.PUBS.XQ","","","","","","","","","","","","","","","","","","","","","","","","","","","","","","","","","","","","","","","","","","","","","","","","","","","","","","","","","","","","","","","","",
"Nepal","NPL","CPIA public sector management and institutions cluster average (1=low to 6=high)","IQ.CPA.PUBS.XQ","","","","","","","","","","","","","","","","","","","","","","","","","","","","","","","","","","","","","","","","","","","","","","3","3.2","3.2","3","3","2.8","2.9","3","3.1","3.1","3.1","3.1","3.1","3.1","2.9","2.9","3","2.9","2.8",
"Nauru","NRU","CPIA public sector management and institutions cluster average (1=low to 6=high)","IQ.CPA.PUBS.XQ","","","","","","","","","","","","","","","","","","","","","","","","","","","","","","","","","","","","","","","","","","","","","","","","","","","","","","","","","","","","","","","","",
"New Zealand","NZL","CPIA public sector management and institutions cluster average (1=low to 6=high)","IQ.CPA.PUBS.XQ","","","","","","","","","","","","","","","","","","","","","","","","","","","","","","","","","","","","","","","","","","","","","","","","","","","","","","","","","","","","","","","","",
"OECD members","OED","CPIA public sector management and institutions cluster average (1=low to 6=high)","IQ.CPA.PUBS.XQ","","","","","","","","","","","","","","","","","","","","","","","","","","","","","","","","","","","","","","","","","","","","","","","","","","","","","","","","","","","","","","","","",
"Oman","OMN","CPIA public sector management and institutions cluster average (1=low to 6=high)","IQ.CPA.PUBS.XQ","","","","","","","","","","","","","","","","","","","","","","","","","","","","","","","","","","","","","","","","","","","","","","","","","","","","","","","","","","","","","","","","",
"Other small states","OSS","CPIA public sector management and institutions cluster average (1=low to 6=high)","IQ.CPA.PUBS.XQ","","","","","","","","","","","","","","","","","","","","","","","","","","","","","","","","","","","","","","","","","","","","","","3.25","3.11428571428571","3.14285714285714","3.15714285714286","3.2","3.2","3.15714285714286","3.14285714285714","3.12857142857143","3.11428571428571","3.11428571428571","3.12857142857143","3.11428571428571","3.2","3.21428571428571","3.21428571428571","3.17142857142857","3.14285714285714","3.14285714285714",
"Pakistan","PAK","CPIA public sector management and institutions cluster average (1=low to 6=high)","IQ.CPA.PUBS.XQ","","","","","","","","","","","","","","","","","","","","","","","","","","","","","","","","","","","","","","","","","","","","","","3.2","3.2","3.2","3","3","3.1","3","3","3","3","3.1","3.1","3.1","3.1","3.2","3.2","3.3","3.1","3.2",
"Panama","PAN","CPIA public sector management and institutions cluster average (1=low to 6=high)","IQ.CPA.PUBS.XQ","","","","","","","","","","","","","","","","","","","","","","","","","","","","","","","","","","","","","","","","","","","","","","","","","","","","","","","","","","","","","","","","",
"Peru","PER","CPIA public sector management and institutions cluster average (1=low to 6=high)","IQ.CPA.PUBS.XQ","","","","","","","","","","","","","","","","","","","","","","","","","","","","","","","","","","","","","","","","","","","","","","","","","","","","","","","","","","","","","","","","",
"Philippines","PHL","CPIA public sector management and institutions cluster average (1=low to 6=high)","IQ.CPA.PUBS.XQ","","","","","","","","","","","","","","","","","","","","","","","","","","","","","","","","","","","","","","","","","","","","","","","","","","","","","","","","","","","","","","","","",
"Palau","PLW","CPIA public sector management and institutions cluster average (1=low to 6=high)","IQ.CPA.PUBS.XQ","","","","","","","","","","","","","","","","","","","","","","","","","","","","","","","","","","","","","","","","","","","","","","","","","","","","","","","","","","","","","","","","",
"Papua New Guinea","PNG","CPIA public sector management and institutions cluster average (1=low to 6=high)","IQ.CPA.PUBS.XQ","","","","","","","","","","","","","","","","","","","","","","","","","","","","","","","","","","","","","","","","","","","","","","3.1","2.9","2.9","2.9","2.8","2.9","3","3","2.9","2.9","2.9","2.9","2.9","2.9","2.7","2.7","2.7","2.8","2.8",
"Poland","POL","CPIA public sector management and institutions cluster average (1=low to 6=high)","IQ.CPA.PUBS.XQ","","","","","","","","","","","","","","","","","","","","","","","","","","","","","","","","","","","","","","","","","","","","","","","","","","","","","","","","","","","","","","","","",
"Pre-demographic dividend","PRE","CPIA public sector management and institutions cluster average (1=low to 6=high)","IQ.CPA.PUBS.XQ","","","","","","","","","","","","","","","","","","","","","","","","","","","","","","","","","","","","","","","","","","","","","","2.92333333333333","2.875","2.865625","2.85","2.86969696969697","2.86363636363636","2.87575757575758","2.81764705882353","2.81470588235294","2.84545454545455","2.83333333333333","2.84848484848485","2.80294117647059","2.82121212121212","2.80294117647059","2.79117647058824","2.79090909090909","2.74705882352941","2.74117647058823",
"Puerto Rico","PRI","CPIA public sector management and institutions cluster average (1=low to 6=high)","IQ.CPA.PUBS.XQ","","","","","","","","","","","","","","","","","","","","","","","","","","","","","","","","","","","","","","","","","","","","","","","","","","","","","","","","","","","","","","","","",
"Korea, Dem. People's Rep.","PRK","CPIA public sector management and institutions cluster average (1=low to 6=high)","IQ.CPA.PUBS.XQ","","","","","","","","","","","","","","","","","","","","","","","","","","","","","","","","","","","","","","","","","","","","","","","","","","","","","","","","","","","","","","","","",
"Portugal","PRT","CPIA public sector management and institutions cluster average (1=low to 6=high)","IQ.CPA.PUBS.XQ","","","","","","","","","","","","","","","","","","","","","","","","","","","","","","","","","","","","","","","","","","","","","","","","","","","","","","","","","","","","","","","","",
"Paraguay","PRY","CPIA public sector management and institutions cluster average (1=low to 6=high)","IQ.CPA.PUBS.XQ","","","","","","","","","","","","","","","","","","","","","","","","","","","","","","","","","","","","","","","","","","","","","","","","","","","","","","","","","","","","","","","","",
"West Bank and Gaza","PSE","CPIA public sector management and institutions cluster average (1=low to 6=high)","IQ.CPA.PUBS.XQ","","","","","","","","","","","","","","","","","","","","","","","","","","","","","","","","","","","","","","","","","","","","","","","","","","","","","","","","","","","","","","","","",
"Pacific island small states","PSS","CPIA public sector management and institutions cluster average (1=low to 6=high)","IQ.CPA.PUBS.XQ","","","","","","","","","","","","","","","","","","","","","","","","","","","","","","","","","","","","","","","","","","","","","","3.14","3.08","3.12","3.24","3.32","3.4","3.25714285714286","3.2375","3.2375","3.2375","3.2375","3.2375","3.2375","3.225","3.225","3.18888888888889","3.22222222222222","3.18888888888889","3.2",
"Post-demographic dividend","PST","CPIA public sector management and institutions cluster average (1=low to 6=high)","IQ.CPA.PUBS.XQ","","","","","","","","","","","","","","","","","","","","","","","","","","","","","","","","","","","","","","","","","","","","","","3.3","3.4","3.3","3.3","3.3","3.3","3.3","3.3","3.3","","","","","","","","","","",
"French Polynesia","PYF","CPIA public sector management and institutions cluster average (1=low to 6=high)","IQ.CPA.PUBS.XQ","","","","","","","","","","","","","","","","","","","","","","","","","","","","","","","","","","","","","","","","","","","","","","","","","","","","","","","","","","","","","","","","",
"Qatar","QAT","CPIA public sector management and institutions cluster average (1=low to 6=high)","IQ.CPA.PUBS.XQ","","","","","","","","","","","","","","","","","","","","","","","","","","","","","","","","","","","","","","","","","","","","","","","","","","","","","","","","","","","","","","","","",
"Romania","ROU","CPIA public sector management and institutions cluster average (1=low to 6=high)","IQ.CPA.PUBS.XQ","","","","","","","","","","","","","","","","","","","","","","","","","","","","","","","","","","","","","","","","","","","","","","","","","","","","","","","","","","","","","","","","",
"Russian Federation","RUS","CPIA public sector management and institutions cluster average (1=low to 6=high)","IQ.CPA.PUBS.XQ","","","","","","","","","","","","","","","","","","","","","","","","","","","","","","","","","","","","","","","","","","","","","","","","","","","","","","","","","","","","","","","","",
"Rwanda","RWA","CPIA public sector management and institutions cluster average (1=low to 6=high)","IQ.CPA.PUBS.XQ","","","","","","","","","","","","","","","","","","","","","","","","","","","","","","","","","","","","","","","","","","","","","","3.3","3.4","3.5","3.5","3.5","3.7","3.6","3.6","3.6","3.6","3.7","3.7","3.7","3.8","3.8","3.8","3.8","3.8","3.9",
"South Asia","SAS","CPIA public sector management and institutions cluster average (1=low to 6=high)","IQ.CPA.PUBS.XQ","","","","","","","","","","","","","","","","","","","","","","","","","","","","","","","","","","","","","","","","","","","","","","3.38571428571429","3.25","3.2375","3.1875","3.2375","3.2125","3.2","3.2125","3.1875","3.12857142857143","3.12857142857143","3.1","3.06666666666667","3.1","3.11428571428571","3.06666666666667","3.2","2.95714285714286","2.97142857142857",
"Saudi Arabia","SAU","CPIA public sector management and institutions cluster average (1=low to 6=high)","IQ.CPA.PUBS.XQ","","","","","","","","","","","","","","","","","","","","","","","","","","","","","","","","","","","","","","","","","","","","","","","","","","","","","","","","","","","","","","","","",
"Sudan","SDN","CPIA public sector management and institutions cluster average (1=low to 6=high)","IQ.CPA.PUBS.XQ","","","","","","","","","","","","","","","","","","","","","","","","","","","","","","","","","","","","","","","","","","","","","","2.4","2.3","2.3","2.3","2.2","2.2","2.2","2.2","2.2","2.2","2.2","2.2","2.2","2.1","2.1","2.1","1.9","1.8","1.8",
"Senegal","SEN","CPIA public sector management and institutions cluster average (1=low to 6=high)","IQ.CPA.PUBS.XQ","","","","","","","","","","","","","","","","","","","","","","","","","","","","","","","","","","","","","","","","","","","","","","3.6","3.6","3.5","3.4","3.4","3.5","3.6","3.6","3.6","3.6","3.6","3.6","3.6","3.5","3.5","3.5","3.6","3.6","3.6",
"Singapore","SGP","CPIA public sector management and institutions cluster average (1=low to 6=high)","IQ.CPA.PUBS.XQ","","","","","","","","","","","","","","","","","","","","","","","","","","","","","","","","","","","","","","","","","","","","","","","","","","","","","","","","","","","","","","","","",
"Solomon Islands","SLB","CPIA public sector management and institutions cluster average (1=low to 6=high)","IQ.CPA.PUBS.XQ","","","","","","","","","","","","","","","","","","","","","","","","","","","","","","","","","","","","","","","","","","","","","","2.6","2.5","2.5","2.6","2.6","2.7","2.8","2.8","2.7","2.7","2.7","2.7","2.7","2.7","2.7","2.7","2.6","2.7","2.7",
"Sierra Leone","SLE","CPIA public sector management and institutions cluster average (1=low to 6=high)","IQ.CPA.PUBS.XQ","","","","","","","","","","","","","","","","","","","","","","","","","","","","","","","","","","","","","","","","","","","","","","2.9","2.9","2.8","2.7","2.9","3","3.1","3.1","3.1","3.1","3.1","3.1","3.1","3.2","3.2","3.2","3.2","3.2","3.2",
"El Salvador","SLV","CPIA public sector management and institutions cluster average (1=low to 6=high)","IQ.CPA.PUBS.XQ","","","","","","","","","","","","","","","","","","","","","","","","","","","","","","","","","","","","","","","","","","","","","","","","","","","","","","","","","","","","","","","","",
"San Marino","SMR","CPIA public sector management and institutions cluster average (1=low to 6=high)","IQ.CPA.PUBS.XQ","","","","","","","","","","","","","","","","","","","","","","","","","","","","","","","","","","","","","","","","","","","","","","","","","","","","","","","","","","","","","","","","",
"Somalia","SOM","CPIA public sector management and institutions cluster average (1=low to 6=high)","IQ.CPA.PUBS.XQ","","","","","","","","","","","","","","","","","","","","","","","","","","","","","","","","","","","","","","","","","","","","","","","","","","","","","","","","","","1.8","","2","2","1.9","1.9","1.9",
"Serbia","SRB","CPIA public sector management and institutions cluster average (1=low to 6=high)","IQ.CPA.PUBS.XQ","","","","","","","","","","","","","","","","","","","","","","","","","","","","","","","","","","","","","","","","","","","","","","3.4","2.9","","","","","","","","","","","","","","","","","",
"Sub-Saharan Africa (excluding high income)","SSA","CPIA public sector management and institutions cluster average (1=low to 6=high)","IQ.CPA.PUBS.XQ","","","","","","","","","","","","","","","","","","","","","","","","","","","","","","","","","","","","","","","","","","","","","","2.98108108108108","2.97027027027027","2.97027027027027","2.94864864864865","2.96315789473684","2.96578947368421","2.98157894736842","2.93076923076923","2.92564102564103","2.96052631578947","2.96315789473684","2.96842105263158","2.92820512820513","2.95","2.92307692307692","2.91282051282051","2.90512820512821","2.89230769230769","2.88205128205128",
"South Sudan","SSD","CPIA public sector management and institutions cluster average (1=low to 6=high)","IQ.CPA.PUBS.XQ","","","","","","","","","","","","","","","","","","","","","","","","","","","","","","","","","","","","","","","","","","","","","","","","","","","","","2","2","1.9","1.7","1.5","1.4","1.4","1.4","1.4","1.4","1.4","1.3",
"Sub-Saharan Africa","SSF","CPIA public sector management and institutions cluster average (1=low to 6=high)","IQ.CPA.PUBS.XQ","","","","","","","","","","","","","","","","","","","","","","","","","","","","","","","","","","","","","","","","","","","","","","2.98108108108108","2.97027027027027","2.97027027027027","2.94864864864865","2.96315789473684","2.96578947368421","2.98157894736842","2.93076923076923","2.92564102564103","2.96052631578947","2.96315789473684","2.96842105263158","2.92820512820513","2.95","2.92307692307692","2.91282051282051","2.90512820512821","2.89230769230769","2.88205128205128",
"Small states","SST","CPIA public sector management and institutions cluster average (1=low to 6=high)","IQ.CPA.PUBS.XQ","","","","","","","","","","","","","","","","","","","","","","","","","","","","","","","","","","","","","","","","","","","","","","3.325","3.24117647058824","3.28823529411765","3.32941176470588","3.37647058823529","3.4","3.32631578947368","3.31","3.305","3.285","3.275","3.28","3.275","3.305","3.315","3.2952380952381","3.29047619047619","3.26666666666667","3.27142857142857",
"Sao Tome and Principe","STP","CPIA public sector management and institutions cluster average (1=low to 6=high)","IQ.CPA.PUBS.XQ","","","","","","","","","","","","","","","","","","","","","","","","","","","","","","","","","","","","","","","","","","","","","","3.1","3","3.1","3.1","3.1","3.1","3.1","3.1","3.1","3.1","3.1","3.2","3.2","3.2","3.1","3","3","3","3",
"Suriname","SUR","CPIA public sector management and institutions cluster average (1=low to 6=high)","IQ.CPA.PUBS.XQ","","","","","","","","","","","","","","","","","","","","","","","","","","","","","","","","","","","","","","","","","","","","","","","","","","","","","","","","","","","","","","","","",
"Slovak Republic","SVK","CPIA public sector management and institutions cluster average (1=low to 6=high)","IQ.CPA.PUBS.XQ","","","","","","","","","","","","","","","","","","","","","","","","","","","","","","","","","","","","","","","","","","","","","","","","","","","","","","","","","","","","","","","","",
"Slovenia","SVN","CPIA public sector management and institutions cluster average (1=low to 6=high)","IQ.CPA.PUBS.XQ","","","","","","","","","","","","","","","","","","","","","","","","","","","","","","","","","","","","","","","","","","","","","","","","","","","","","","","","","","","","","","","","",
"Sweden","SWE","CPIA public sector management and institutions cluster average (1=low to 6=high)","IQ.CPA.PUBS.XQ","","","","","","","","","","","","","","","","","","","","","","","","","","","","","","","","","","","","","","","","","","","","","","","","","","","","","","","","","","","","","","","","",
"Eswatini","SWZ","CPIA public sector management and institutions cluster average (1=low to 6=high)","IQ.CPA.PUBS.XQ","","","","","","","","","","","","","","","","","","","","","","","","","","","","","","","","","","","","","","","","","","","","","","","","","","","","","","","","","","","","","","","","",
"Sint Maarten (Dutch part)","SXM","CPIA public sector management and institutions cluster average (1=low to 6=high)","IQ.CPA.PUBS.XQ","","","","","","","","","","","","","","","","","","","","","","","","","","","","","","","","","","","","","","","","","","","","","","","","","","","","","","","","","","","","","","","","",
"Seychelles","SYC","CPIA public sector management and institutions cluster average (1=low to 6=high)","IQ.CPA.PUBS.XQ","","","","","","","","","","","","","","","","","","","","","","","","","","","","","","","","","","","","","","","","","","","","","","","","","","","","","","","","","","","","","","","","",
"Syrian Arab Republic","SYR","CPIA public sector management and institutions cluster average (1=low to 6=high)","IQ.CPA.PUBS.XQ","","","","","","","","","","","","","","","","","","","","","","","","","","","","","","","","","","","","","","","","","","","","","","","","","","","","","","","","","","","","","","","","",
"Turks and Caicos Islands","TCA","CPIA public sector management and institutions cluster average (1=low to 6=high)","IQ.CPA.PUBS.XQ","","","","","","","","","","","","","","","","","","","","","","","","","","","","","","","","","","","","","","","","","","","","","","","","","","","","","","","","","","","","","","","","",
"Chad","TCD","CPIA public sector management and institutions cluster average (1=low to 6=high)","IQ.CPA.PUBS.XQ","","","","","","","","","","","","","","","","","","","","","","","","","","","","","","","","","","","","","","","","","","","","","","2.4","2.4","2.2","2.2","2.2","2.2","2.2","2.2","2.4","2.6","2.7","2.7","2.7","2.6","2.5","2.6","2.5","2.5","2.4",
"East Asia & Pacific (IDA & IBRD countries)","TEA","CPIA public sector management and institutions cluster average (1=low to 6=high)","IQ.CPA.PUBS.XQ","","","","","","","","","","","","","","","","","","","","","","","","","","","","","","","","","","","","","","","","","","","","","","3.08181818181818","3.025","3.03636363636364","3.11818181818182","3.15454545454546","3.21818181818182","3.17692307692308","3.15714285714286","3.12","3.12666666666667","3.13333333333333","3.1","3.09285714285714","3.06428571428571","3.04285714285714","3.02142857142857","2.99285714285714","2.97142857142857","2.97857142857143",
"Europe & Central Asia (IDA & IBRD countries)","TEC","CPIA public sector management and institutions cluster average (1=low to 6=high)","IQ.CPA.PUBS.XQ","","","","","","","","","","","","","","","","","","","","","","","","","","","","","","","","","","","","","","","","","","","","","","3.15","3.12","3.1625","3.225","3.23333333333333","3.24444444444444","3.2875","3.3625","3.375","3.22","3.2","3.18","3.2","3.2","3.2","3.175","3.3","3.275","3.325",
"Togo","TGO","CPIA public sector management and institutions cluster average (1=low to 6=high)","IQ.CPA.PUBS.XQ","","","","","","","","","","","","","","","","","","","","","","","","","","","","","","","","","","","","","","","","","","","","","","2.2","2.2","2.2","2.2","2.4","2.6","2.8","2.7","2.6","2.6","2.6","2.7","2.8","2.9","3.1","3.2","3.2","3.2","3.4",
"Thailand","THA","CPIA public sector management and institutions cluster average (1=low to 6=high)","IQ.CPA.PUBS.XQ","","","","","","","","","","","","","","","","","","","","","","","","","","","","","","","","","","","","","","","","","","","","","","","","","","","","","","","","","","","","","","","","",
"Tajikistan","TJK","CPIA public sector management and institutions cluster average (1=low to 6=high)","IQ.CPA.PUBS.XQ","","","","","","","","","","","","","","","","","","","","","","","","","","","","","","","","","","","","","","","","","","","","","","2.6","2.6","2.6","2.6","2.7","2.8","2.9","3","3","3","2.9","2.8","2.9","2.8","2.8","2.8","2.9","3","3.1",
"Turkmenistan","TKM","CPIA public sector management and institutions cluster average (1=low to 6=high)","IQ.CPA.PUBS.XQ","","","","","","","","","","","","","","","","","","","","","","","","","","","","","","","","","","","","","","","","","","","","","","","","","","","","","","","","","","","","","","","","",
"Latin America & the Caribbean (IDA & IBRD countries)","TLA","CPIA public sector management and institutions cluster average (1=low to 6=high)","IQ.CPA.PUBS.XQ","","","","","","","","","","","","","","","","","","","","","","","","","","","","","","","","","","","","","","","","","","","","","","3.4","3.38888888888889","3.43333333333333","3.42222222222222","3.43333333333333","3.41111111111111","3.4","3.37777777777778","3.35555555555556","3.32222222222222","3.3","3.3125","3.3125","3.325","3.2875","3.2625","3.2125","3.1875","3.125",
"Timor-Leste","TLS","CPIA public sector management and institutions cluster average (1=low to 6=high)","IQ.CPA.PUBS.XQ","","","","","","","","","","","","","","","","","","","","","","","","","","","","","","","","","","","","","","","","","","","","","","","2.6","2.6","2.7","2.7","2.7","2.5","2.5","2.5","2.5","2.5","2.5","2.5","2.5","2.6","2.6","2.6","2.6","2.6",
"Middle East & North Africa (IDA & IBRD countries)","TMN","CPIA public sector management and institutions cluster average (1=low to 6=high)","IQ.CPA.PUBS.XQ","","","","","","","","","","","","","","","","","","","","","","","","","","","","","","","","","","","","","","","","","","","","","","2.85","2.85","2.85","2.9","2.9","2.85","2.85","2.7","2.75","2.7","2.55","2.45","2.25","2.35","2.4","2.45","2.4","2.35","2.3",
"Tonga","TON","CPIA public sector management and institutions cluster average (1=low to 6=high)","IQ.CPA.PUBS.XQ","","","","","","","","","","","","","","","","","","","","","","","","","","","","","","","","","","","","","","","","","","","","","","2.7","2.7","2.9","3.3","3.6","3.8","3.7","3.7","3.7","3.7","3.7","3.7","3.7","3.7","3.7","3.6","3.6","3.5","3.6",
"South Asia (IDA & IBRD)","TSA","CPIA public sector management and institutions cluster average (1=low to 6=high)","IQ.CPA.PUBS.XQ","","","","","","","","","","","","","","","","","","","","","","","","","","","","","","","","","","","","","","","","","","","","","","3.38571428571429","3.25","3.2375","3.1875","3.2375","3.2125","3.2","3.2125","3.1875","3.12857142857143","3.12857142857143","3.1","3.06666666666667","3.1","3.11428571428571","3.06666666666667","3.2","2.95714285714286","2.97142857142857",
"Sub-Saharan Africa (IDA & IBRD countries)","TSS","CPIA public sector management and institutions cluster average (1=low to 6=high)","IQ.CPA.PUBS.XQ","","","","","","","","","","","","","","","","","","","","","","","","","","","","","","","","","","","","","","","","","","","","","","2.98108108108108","2.97027027027027","2.97027027027027","2.94864864864865","2.96315789473684","2.96578947368421","2.98157894736842","2.93076923076923","2.92564102564103","2.96052631578947","2.96315789473684","2.96842105263158","2.92820512820513","2.95","2.92307692307692","2.91282051282051","2.90512820512821","2.89230769230769","2.88205128205128",
"Trinidad and Tobago","TTO","CPIA public sector management and institutions cluster average (1=low to 6=high)","IQ.CPA.PUBS.XQ","","","","","","","","","","","","","","","","","","","","","","","","","","","","","","","","","","","","","","","","","","","","","","","","","","","","","","","","","","","","","","","","",
"Tunisia","TUN","CPIA public sector management and institutions cluster average (1=low to 6=high)","IQ.CPA.PUBS.XQ","","","","","","","","","","","","","","","","","","","","","","","","","","","","","","","","","","","","","","","","","","","","","","","","","","","","","","","","","","","","","","","","",
"Turkiye","TUR","CPIA public sector management and institutions cluster average (1=low to 6=high)","IQ.CPA.PUBS.XQ","","","","","","","","","","","","","","","","","","","","","","","","","","","","","","","","","","","","","","","","","","","","","","","","","","","","","","","","","","","","","","","","",
"Tuvalu","TUV","CPIA public sector management and institutions cluster average (1=low to 6=high)","IQ.CPA.PUBS.XQ","","","","","","","","","","","","","","","","","","","","","","","","","","","","","","","","","","","","","","","","","","","","","","","","","","","","","3","3","3.1","3.2","3.2","3.2","3.1","3.1","3","3.2","3.2","3.2",
"Tanzania","TZA","CPIA public sector management and institutions cluster average (1=low to 6=high)","IQ.CPA.PUBS.XQ","","","","","","","","","","","","","","","","","","","","","","","","","","","","","","","","","","","","","","","","","","","","","","3.8","3.8","3.7","3.5","3.5","3.3","3.3","3.3","3.4","3.4","3.3","3.4","3.4","3","3","3","3","3","3.1",
"Uganda","UGA","CPIA public sector management and institutions cluster average (1=low to 6=high)","IQ.CPA.PUBS.XQ","","","","","","","","","","","","","","","","","","","","","","","","","","","","","","","","","","","","","","","","","","","","","","3.3","3.3","3.3","3.4","3.3","3.2","3.2","3","3","3.1","3.1","3","3","3.2","3.2","3.2","3.2","3.3","3.3",
"Ukraine","UKR","CPIA public sector management and institutions cluster average (1=low to 6=high)","IQ.CPA.PUBS.XQ","","","","","","","","","","","","","","","","","","","","","","","","","","","","","","","","","","","","","","","","","","","","","","","","","","","","","","","","","","","","","","","","",
"Upper middle income","UMC","CPIA public sector management and institutions cluster average (1=low to 6=high)","IQ.CPA.PUBS.XQ","","","","","","","","","","","","","","","","","","","","","","","","","","","","","","","","","","","","","","","","","","","","","","3.43333333333333","3.39333333333333","3.525","3.56666666666667","3.56923076923077","3.59230769230769","3.55384615384615","3.53571428571429","3.52142857142857","3.44545454545455","3.41818181818182","3.40909090909091","3.4","3.38181818181818","3.40909090909091","3.39","3.42","3.4","3.42",
"Uruguay","URY","CPIA public sector management and institutions cluster average (1=low to 6=high)","IQ.CPA.PUBS.XQ","","","","","","","","","","","","","","","","","","","","","","","","","","","","","","","","","","","","","","","","","","","","","","","","","","","","","","","","","","","","","","","","",
"United States","USA","CPIA public sector management and institutions cluster average (1=low to 6=high)","IQ.CPA.PUBS.XQ","","","","","","","","","","","","","","","","","","","","","","","","","","","","","","","","","","","","","","","","","","","","","","","","","","","","","","","","","","","","","","","","",
"Uzbekistan","UZB","CPIA public sector management and institutions cluster average (1=low to 6=high)","IQ.CPA.PUBS.XQ","","","","","","","","","","","","","","","","","","","","","","","","","","","","","","","","","","","","","","","","","","","","","","2.4","2.4","2.5","2.7","2.8","2.8","2.9","2.9","2.9","3","3.2","3.2","3.2","3.3","3.4","3.4","3.7","3.7","3.7",
"St. Vincent and the Grenadines","VCT","CPIA public sector management and institutions cluster average (1=low to 6=high)","IQ.CPA.PUBS.XQ","","","","","","","","","","","","","","","","","","","","","","","","","","","","","","","","","","","","","","","","","","","","","","3.7","3.7","3.8","3.8","3.8","3.8","3.8","3.8","3.8","3.7","3.7","3.7","3.7","3.7","3.7","3.7","3.7","3.7","3.7",
"Venezuela, RB","VEN","CPIA public sector management and institutions cluster average (1=low to 6=high)","IQ.CPA.PUBS.XQ","","","","","","","","","","","","","","","","","","","","","","","","","","","","","","","","","","","","","","","","","","","","","","","","","","","","","","","","","","","","","","","","",
"British Virgin Islands","VGB","CPIA public sector management and institutions cluster average (1=low to 6=high)","IQ.CPA.PUBS.XQ","","","","","","","","","","","","","","","","","","","","","","","","","","","","","","","","","","","","","","","","","","","","","","","","","","","","","","","","","","","","","","","","",
"Virgin Islands (U.S.)","VIR","CPIA public sector management and institutions cluster average (1=low to 6=high)","IQ.CPA.PUBS.XQ","","","","","","","","","","","","","","","","","","","","","","","","","","","","","","","","","","","","","","","","","","","","","","","","","","","","","","","","","","","","","","","","",
"Viet Nam","VNM","CPIA public sector management and institutions cluster average (1=low to 6=high)","IQ.CPA.PUBS.XQ","","","","","","","","","","","","","","","","","","","","","","","","","","","","","","","","","","","","","","","","","","","","","","3.5","3.5","3.5","3.6","3.6","3.6","3.6","3.5","3.5","3.5","3.5","","","","","","","","",
"Vanuatu","VUT","CPIA public sector management and institutions cluster average (1=low to 6=high)","IQ.CPA.PUBS.XQ","","","","","","","","","","","","","","","","","","","","","","","","","","","","","","","","","","","","","","","","","","","","","","3.1","3.1","3.1","3.3","3.3","3.4","3.4","3.5","3.5","3.4","3.3","3.3","3.3","3.3","3.2","3.2","3.2","3.1","3.1",
"World","WLD","CPIA public sector management and institutions cluster average (1=low to 6=high)","IQ.CPA.PUBS.XQ","","","","","","","","","","","","","","","","","","","","","","","","","","","","","","","","","","","","","","","","","","","","","","3.10131578947368","3.07179487179487","3.08133333333333","3.084","3.1038961038961","3.10909090909091","3.11282051282051","3.08625","3.07530864197531","3.06184210526316","3.05657894736842","3.04246575342466","3.01216216216216","3.02602739726027","3.00666666666667","2.98630136986301","2.98472222222222","2.95135135135135","2.94324324324324",
"Samoa","WSM","CPIA public sector management and institutions cluster average (1=low to 6=high)","IQ.CPA.PUBS.XQ","","","","","","","","","","","","","","","","","","","","","","","","","","","","","","","","","","","","","","","","","","","","","","4","3.9","3.9","3.9","4","4","4","4","4.1","4.1","4.1","4.1","4.1","4.1","4.2","4.1","4.1","4.1","4.1",
"Kosovo","XKX","CPIA public sector management and institutions cluster average (1=low to 6=high)","IQ.CPA.PUBS.XQ","","","","","","","","","","","","","","","","","","","","","","","","","","","","","","","","","","","","","","","","","","","","","","","","","","3.2","3.2","3.3","3.4","3.4","3.4","3.3","3.3","3.3","3.3","3.3","3.3","3.4","3.4","3.5",
"Yemen, Rep.","YEM","CPIA public sector management and institutions cluster average (1=low to 6=high)","IQ.CPA.PUBS.XQ","","","","","","","","","","","","","","","","","","","","","","","","","","","","","","","","","","","","","","","","","","","","","","2.9","2.9","2.9","3","3","2.9","2.9","2.8","2.8","2.7","2.4","2.2","1.8","1.7","1.7","1.7","1.7","1.6","1.5",
"South Africa","ZAF","CPIA public sector management and institutions cluster average (1=low to 6=high)","IQ.CPA.PUBS.XQ","","","","","","","","","","","","","","","","","","","","","","","","","","","","","","","","","","","","","","","","","","","","","","","","","","","","","","","","","","","","","","","","",
"Zambia","ZMB","CPIA public sector management and institutions cluster average (1=low to 6=high)","IQ.CPA.PUBS.XQ","","","","","","","","","","","","","","","","","","","","","","","","","","","","","","","","","","","","","","","","","","","","","","3.2","3.2","3.2","3.2","3.2","3.1","3.1","3.2","3.2","3.2","3.2","3.2","3.2","3.1","3","3","2.9","2.9","2.9",
"Zimbabwe","ZWE","CPIA public sector management and institutions cluster average (1=low to 6=high)","IQ.CPA.PUBS.XQ","","","","","","","","","","","","","","","","","","","","","","","","","","","","","","","","","","","","","","","","","","","","","","2.1","1.9","1.8","1.6","2","2.1","2.2","2.2","2.2","2.7","2.8","2.8","2.8","2.8","2.9","2.9","2.9","2.9","2.9",
